{"inputUnits":[40],"outputUnits":4,"inputs":{"0":{"dtype":"number","min":314.7354507446289,"max":356.47573471069336},"1":{"dtype":"number","min":206.46549224853516,"max":217.91653633117676},"2":{"dtype":"number","min":314.71168518066406,"max":354.79854583740234},"3":{"dtype":"number","min":214.87947463989258,"max":225.85920810699463},"4":{"dtype":"number","min":320.2001953125,"max":363.857364654541},"5":{"dtype":"number","min":191.745343208313,"max":203.29645156860352},"6":{"dtype":"number","min":315.0072479248047,"max":357.6449203491211},"7":{"dtype":"number","min":200.8486032485962,"max":212.30851650238037},"8":{"dtype":"number","min":315.44944763183594,"max":358.86510848999023},"9":{"dtype":"number","min":194.93658542633057,"max":206.67599201202393},"10":{"dtype":"number","min":316.44073486328125,"max":361.36287689208984},"11":{"dtype":"number","min":181.9440221786499,"max":194.02924060821533},"12":{"dtype":"number","min":352.59021759033203,"max":397.4123191833496},"13":{"dtype":"number","min":183.28336715698242,"max":206.253662109375},"14":{"dtype":"number","min":317.4177932739258,"max":363.6650848388672},"15":{"dtype":"number","min":170.02560138702393,"max":183.66740226745605},"16":{"dtype":"number","min":317.7896499633789,"max":365.26235580444336},"17":{"dtype":"number","min":162.6738166809082,"max":177.35947608947754},"18":{"dtype":"number","min":319.4778823852539,"max":371.5041923522949},"19":{"dtype":"number","min":139.29791450500488,"max":157.41013526916504},"20":{"dtype":"number","min":313.7428665161133,"max":351.82241439819336},"21":{"dtype":"number","min":226.37413501739502,"max":241.2788486480713},"22":{"dtype":"number","min":313.6012649536133,"max":351.0167121887207},"23":{"dtype":"number","min":227.94636726379395,"max":243.93982887268066},"24":{"dtype":"number","min":313.61705780029297,"max":350.50228118896484},"25":{"dtype":"number","min":229.11126136779785,"max":246.15626335144043},"26":{"dtype":"number","min":313.6043930053711,"max":350.6149673461914},"27":{"dtype":"number","min":230.15501976013184,"max":246.09349250793457},"28":{"dtype":"number","min":313.41392517089844,"max":350.1877021789551},"29":{"dtype":"number","min":231.66326522827148,"max":249.00146484375},"30":{"dtype":"number","min":313.0691146850586,"max":349.44366455078125},"31":{"dtype":"number","min":233.44124794006348,"max":253.04612159729004},"32":{"dtype":"number","min":312.8806686401367,"max":348.61568450927734},"33":{"dtype":"number","min":235.2123498916626,"max":257.490234375},"34":{"dtype":"number","min":312.63431549072266,"max":347.29774475097656},"35":{"dtype":"number","min":239.5431661605835,"max":263.09597969055176},"36":{"dtype":"number","min":314.5860290527344,"max":355.7147216796875},"37":{"dtype":"number","min":210.41858196258545,"max":221.65148735046387},"38":{"dtype":"number","min":319.0113067626953,"max":359.41125869750977},"39":{"dtype":"number","min":211.90627098083496,"max":223.20988655090332}},"outputs":{"0":{"dtype":"number","min":0,"max":1},"1":{"dtype":"number","min":0,"max":1},"2":{"dtype":"number","min":0,"max":1},"3":{"dtype":"number","min":0,"max":1}},"isNormalized":true}